"","fips","n10"
"1",9001,3516
"2",9003,2934
"3",9005,758
"4",9007,367
"5",9009,5634
"6",9011,1431
"7",9013,109
"8",9015,425
"9",9000,15174
"10",23001,73
"11",23003,51
"12",23005,428
"13",23007,17
"14",23009,33
"15",23011,139
"16",23013,73
"17",23015,18
"18",23017,30
"19",23019,246
"20",23021,7
"21",23023,103
"22",23025,19
"23",23027,15
"24",23029,59
"25",23031,52
"26",23000,1363
"27",25001,897
"28",25003,1149
"29",25005,4003
"30",25007,193
"31",25009,2024
"32",25011,119
"33",25013,1757
"34",25015,281
"35",25017,8583
"36",25019,35
"37",25021,797
"38",25023,2484
"39",25025,13886
"40",25027,1847
"41",25000,38055
"42",33001,41
"43",33003,13
"44",33005,26
"45",33007,31
"46",33009,44
"47",33011,77
"48",33013,122
"49",33015,158
"50",33017,25
"51",33019,27
"52",33000,564
"53",44001,153
"54",44003,266
"55",44005,1881
"56",44007,6391
"57",44009,838
"58",44000,9529
"59",50001,45
"60",50003,92
"61",50005,10
"62",50007,1114
"63",50009,5
"64",50011,59
"65",50013,0
"66",50015,3
"67",50017,12
"68",50019,20
"69",50021,108
"70",50023,41
"71",50025,45
"72",50027,67
"73",50000,1621
"74",10001,7561
"75",10003,15682
"76",10005,7938
"77",10000,31181
"78",34001,10782
"79",34003,3295
"80",34005,3454
"81",34007,9402
"82",34009,1444
"83",34011,2641
"84",34013,18104
"85",34015,2375
"86",34017,7173
"87",34019,438
"88",34021,5125
"89",34023,1846
"90",34025,8279
"91",34027,1940
"92",34029,438
"93",34031,2401
"94",34033,3324
"95",34035,1414
"96",34037,168
"97",34039,5353
"98",34041,364
"99",34000,89760
"100",36001,1222
"101",36003,325
"102",36007,725
"103",36009,333
"104",36011,661
"105",36013,169
"106",36015,593
"107",36017,196
"108",36019,251
"109",36021,1103
"110",36023,71
"111",36025,226
"112",36027,2367
"113",36029,2059
"114",36031,82
"115",36033,53
"116",36035,317
"117",36037,162
"118",36039,513
"119",36041,0
"120",36043,196
"121",36045,244
"122",36047,22708
"123",36049,13
"124",36051,344
"125",36053,296
"126",36055,1224
"127",36057,213
"128",36059,2317
"129",36061,64651
"130",36063,435
"131",36065,632
"132",36067,1296
"133",36069,365
"134",36071,3081
"135",36073,147
"136",36075,437
"137",36077,104
"138",36079,190
"139",36081,3198
"140",36083,798
"141",36085,1152
"142",36087,1534
"143",36089,56
"144",36091,697
"145",36093,288
"146",36095,224
"147",36097,184
"148",36099,122
"149",36101,357
"150",36103,2771
"151",36105,64
"152",36107,242
"153",36109,533
"154",36111,2026
"155",36113,25
"156",36115,197
"157",36117,194
"158",36119,8986
"159",36121,88
"160",36123,134
"161",36000,134191
"162",42001,325
"163",42003,34217
"164",42005,495
"165",42007,1235
"166",42009,365
"167",42011,1007
"168",42013,786
"169",42015,234
"170",42017,1832
"171",42019,217
"172",42021,640
"173",42023,31
"174",42025,27
"175",42027,265
"176",42029,10622
"177",42031,24
"178",42033,315
"179",42035,209
"180",42037,119
"181",42039,355
"182",42041,1788
"183",42043,6536
"184",42045,11897
"185",42047,34
"186",42049,392
"187",42051,5852
"188",42053,8
"189",42055,1716
"190",42057,94
"191",42059,389
"192",42061,305
"193",42063,183
"194",42065,105
"195",42067,171
"196",42069,696
"197",42071,2299
"198",42073,699
"199",42075,215
"200",42077,247
"201",42079,924
"202",42081,1182
"203",42083,251
"204",42085,621
"205",42087,172
"206",42089,185
"207",42091,6021
"208",42093,77
"209",42095,615
"210",42097,237
"211",42099,73
"212",42101,84459
"213",42103,72
"214",42105,54
"215",42107,242
"216",42109,4
"217",42111,246
"218",42113,2
"219",42115,114
"220",42117,73
"221",42119,59
"222",42121,541
"223",42123,75
"224",42125,5888
"225",42127,20
"226",42129,2641
"227",42131,12
"228",42133,2113
"229",42000,193919
"230",17001,1880
"231",17003,7775
"232",17005,160
"233",17007,43
"234",17009,6
"235",17011,223
"236",17013,0
"237",17015,13
"238",17017,4
"239",17019,950
"240",17021,181
"241",17023,74
"242",17025,26
"243",17027,285
"244",17029,201
"245",17031,46627
"246",17033,38
"247",17035,7
"248",17037,151
"249",17039,65
"250",17041,58
"251",17043,171
"252",17045,312
"253",17047,86
"254",17049,23
"255",17051,19
"256",17053,87
"257",17055,19
"258",17057,248
"259",17059,606
"260",17061,62
"261",17063,78
"262",17065,3
"263",17067,59
"264",17069,140
"265",17071,15
"266",17073,175
"267",17075,172
"268",17077,2696
"269",17079,69
"270",17081,378
"271",17083,89
"272",17085,20
"273",17087,164
"274",17089,760
"275",17091,315
"276",17093,51
"277",17095,770
"278",17097,491
"279",17099,311
"280",17101,289
"281",17103,62
"282",17105,397
"283",17107,377
"284",17109,123
"285",17111,29
"286",17113,1118
"287",17115,906
"288",17117,186
"289",17119,3146
"290",17121,651
"291",17123,41
"292",17125,10
"293",17127,2584
"294",17129,107
"295",17131,34
"296",17133,13
"297",17135,238
"298",17137,1361
"299",17139,4
"300",17141,33
"301",17143,1737
"302",17145,814
"303",17147,12
"304",17149,162
"305",17151,523
"306",17153,5911
"307",17155,10
"308",17157,1525
"309",17159,15
"310",17161,822
"311",17163,8110
"312",17165,918
"313",17167,3633
"314",17169,6
"315",17171,15
"316",17173,75
"317",17175,9
"318",17177,82
"319",17179,25
"320",17181,211
"321",17183,2038
"322",17185,45
"323",17187,576
"324",17189,73
"325",17191,11
"326",17193,470
"327",17195,62
"328",17197,1134
"329",17199,866
"330",17201,257
"331",17203,37
"332",17000,109049
"333",18001,2
"334",18003,601
"335",18005,319
"336",18007,71
"337",18009,40
"338",18011,123
"339",18013,1
"340",18015,7
"341",18017,240
"342",18019,2745
"343",18021,227
"344",18023,84
"345",18025,0
"346",18027,210
"347",18029,180
"348",18031,89
"349",18033,21
"350",18035,1460
"351",18037,9
"352",18039,91
"353",18041,440
"354",18043,1749
"355",18045,30
"356",18047,6
"357",18049,6
"358",18051,1445
"359",18053,1528
"360",18055,85
"361",18057,555
"362",18059,125
"363",18061,293
"364",18063,301
"365",18065,415
"366",18067,490
"367",18069,16
"368",18071,136
"369",18073,6
"370",18075,171
"371",18077,604
"372",18079,295
"373",18081,360
"374",18083,572
"375",18085,28
"376",18087,10
"377",18089,493
"378",18091,338
"379",18093,345
"380",18095,690
"381",18097,23256
"382",18099,71
"383",18101,18
"384",18103,109
"385",18105,438
"386",18107,246
"387",18109,94
"388",18111,20
"389",18113,26
"390",18115,144
"391",18117,363
"392",18119,89
"393",18121,160
"394",18123,193
"395",18125,133
"396",18127,8
"397",18129,963
"398",18131,2
"399",18133,221
"400",18135,235
"401",18137,31
"402",18139,418
"403",18141,722
"404",18143,1
"405",18145,483
"406",18147,837
"407",18149,14
"408",18151,22
"409",18153,120
"410",18155,48
"411",18157,387
"412",18159,9
"413",18161,101
"414",18163,6548
"415",18165,121
"416",18167,3323
"417",18169,167
"418",18171,18
"419",18173,456
"420",18175,8
"421",18177,1591
"422",18179,3
"423",18181,11
"424",18183,40
"425",18000,60320
"426",26001,9
"427",26003,12
"428",26005,241
"429",26007,3
"430",26009,35
"431",26011,6
"432",26013,2
"433",26015,23
"434",26017,188
"435",26019,89
"436",26021,713
"437",26023,50
"438",26025,690
"439",26027,1444
"440",26029,89
"441",26031,34
"442",26033,43
"443",26035,3
"444",26037,38
"445",26039,2
"446",26041,34
"447",26043,9
"448",26045,74
"449",26047,44
"450",26049,416
"451",26051,37
"452",26053,6
"453",26055,32
"454",26057,92
"455",26059,22
"456",26061,61
"457",26063,8
"458",26065,404
"459",26067,90
"460",26069,5
"461",26071,8
"462",26073,135
"463",26075,399
"464",26077,790
"465",26079,23
"466",26081,729
"467",26083,3
"468",26085,5
"469",26087,28
"470",26089,22
"471",26091,245
"472",26093,35
"473",26095,3
"474",26097,11
"475",26099,102
"476",26101,20
"477",26103,83
"478",26105,6
"479",26107,237
"480",26109,7
"481",26111,119
"482",26113,15
"483",26115,88
"484",26117,105
"485",26119,1
"486",26121,79
"487",26123,19
"488",26125,251
"489",26127,25
"490",26129,2
"491",26131,2
"492",26133,39
"493",26135,4
"494",26137,1
"495",26139,42
"496",26141,3
"497",26143,2
"498",26145,343
"499",26147,65
"500",26149,88
"501",26151,8
"502",26153,5
"503",26155,39
"504",26157,21
"505",26159,535
"506",26161,1130
"507",26163,6085
"508",26165,60
"509",26000,17115
"510",39001,184
"511",39003,1030
"512",39005,25
"513",39007,217
"514",39009,1240
"515",39011,36
"516",39013,1782
"517",39015,1288
"518",39017,1781
"519",39019,25
"520",39021,1410
"521",39023,5583
"522",39025,865
"523",39027,939
"524",39029,967
"525",39031,97
"526",39033,77
"527",39035,8763
"528",39037,376
"529",39039,23
"530",39041,671
"531",39043,311
"532",39045,449
"533",39047,1231
"534",39049,14006
"535",39051,6
"536",39053,1875
"537",39055,9
"538",39057,3970
"539",39059,489
"540",39061,24300
"541",39063,249
"542",39065,556
"543",39067,612
"544",39069,8
"545",39071,1379
"546",39073,143
"547",39075,8
"548",39077,284
"549",39079,708
"550",39081,1647
"551",39083,323
"552",39085,237
"553",39087,1789
"554",39089,432
"555",39091,777
"556",39093,1521
"557",39095,1918
"558",39097,745
"559",39099,2083
"560",39101,232
"561",39103,114
"562",39105,690
"563",39107,115
"564",39109,1109
"565",39111,90
"566",39113,5481
"567",39115,147
"568",39117,56
"569",39119,1686
"570",39121,44
"571",39123,31
"572",39125,502
"573",39127,563
"574",39129,695
"575",39131,717
"576",39133,192
"577",39135,265
"578",39137,26
"579",39139,253
"580",39141,2382
"581",39143,146
"582",39145,1016
"583",39147,157
"584",39149,231
"585",39151,752
"586",39153,757
"587",39155,208
"588",39157,194
"589",39159,264
"590",39161,327
"591",39163,213
"592",39165,729
"593",39167,1378
"594",39169,70
"595",39171,5
"596",39173,150
"597",39175,21
"598",39000,111452
"599",55001,4
"600",55003,8
"601",55005,18
"602",55007,8
"603",55009,69
"604",55011,1
"605",55013,6
"606",55015,3
"607",55017,7
"608",55019,15
"609",55021,18
"610",55023,3
"611",55025,173
"612",55027,43
"613",55029,3
"614",55031,184
"615",55033,12
"616",55035,33
"617",55037,0
"618",55039,54
"619",55041,2
"620",55043,55
"621",55045,6
"622",55047,8
"623",55049,20
"624",55051,3
"625",55053,2
"626",55055,22
"627",55057,13
"628",55059,40
"629",55061,0
"630",55063,74
"631",55065,5
"632",55067,10
"633",55069,12
"634",55071,16
"635",55073,12
"636",55075,11
"637",55077,9
"638",55079,996
"639",55081,36
"640",55083,2
"641",55085,3
"642",55087,28
"643",55089,7
"644",55091,1
"645",55093,15
"646",55095,5
"647",55097,5
"648",55099,6
"649",55101,115
"650",55103,13
"651",55105,157
"652",55107,2
"653",55109,3
"654",55111,30
"655",55113,0
"656",55115,31
"657",55117,19
"658",55119,24
"659",55121,2
"660",55123,116
"661",55125,10
"662",55127,64
"663",55129,3
"664",55131,6
"665",55133,74
"666",55135,18
"667",55137,11
"668",55139,110
"669",55141,6
"670",55000,2900
"671",19001,21
"672",19003,13
"673",19005,19
"674",19007,486
"675",19009,5
"676",19011,9
"677",19013,29
"678",19015,105
"679",19017,6
"680",19019,18
"681",19021,0
"682",19023,1
"683",19025,11
"684",19027,31
"685",19029,22
"686",19031,21
"687",19033,148
"688",19035,5
"689",19037,0
"690",19039,43
"691",19041,0
"692",19043,26
"693",19045,436
"694",19047,25
"695",19049,131
"696",19051,43
"697",19053,34
"698",19055,2
"699",19057,429
"700",19059,5
"701",19061,96
"702",19063,19
"703",19065,107
"704",19067,17
"705",19069,10
"706",19071,39
"707",19073,1
"708",19075,11
"709",19077,2
"710",19079,37
"711",19081,11
"712",19083,46
"713",19085,15
"714",19087,264
"715",19089,12
"716",19091,4
"717",19093,2
"718",19095,5
"719",19097,0
"720",19099,182
"721",19101,79
"722",19103,65
"723",19105,83
"724",19107,17
"725",19109,6
"726",19111,1471
"727",19113,258
"728",19115,17
"729",19117,83
"730",19119,4
"731",19121,5
"732",19123,677
"733",19125,93
"734",19127,148
"735",19129,47
"736",19131,5
"737",19133,0
"738",19135,2371
"739",19137,48
"740",19139,137
"741",19141,2
"742",19143,6
"743",19145,262
"744",19147,4
"745",19149,10
"746",19151,3
"747",19153,3591
"748",19155,353
"749",19157,55
"750",19159,1
"751",19161,30
"752",19163,572
"753",19165,7
"754",19167,2
"755",19169,8
"756",19171,33
"757",19173,61
"758",19175,70
"759",19177,60
"760",19179,624
"761",19181,47
"762",19183,104
"763",19185,9
"764",19187,84
"765",19189,2
"766",19191,18
"767",19193,317
"768",19195,16
"769",19197,4
"770",19000,14973
"771",20001,1047
"772",20003,161
"773",20005,2992
"774",20007,72
"775",20009,388
"776",20011,1215
"777",20013,457
"778",20015,149
"779",20017,103
"780",20019,118
"781",20021,1181
"782",20023,0
"783",20025,21
"784",20027,111
"785",20029,58
"786",20031,75
"787",20033,0
"788",20035,571
"789",20037,1563
"790",20039,17
"791",20041,162
"792",20043,683
"793",20045,2281
"794",20047,50
"795",20049,6
"796",20051,69
"797",20053,113
"798",20055,189
"799",20057,93
"800",20059,490
"801",20061,587
"802",20063,55
"803",20065,595
"804",20067,21
"805",20069,14
"806",20071,2
"807",20073,32
"808",20075,25
"809",20077,37
"810",20079,415
"811",20081,9
"812",20083,67
"813",20085,153
"814",20087,451
"815",20089,0
"816",20091,611
"817",20093,1
"818",20095,32
"819",20097,8
"820",20099,1756
"821",20101,1
"822",20103,4071
"823",20105,27
"824",20107,323
"825",20109,298
"826",20111,786
"827",20113,3
"828",20115,132
"829",20117,244
"830",20119,32
"831",20121,873
"832",20123,46
"833",20125,2966
"834",20127,317
"835",20129,20
"836",20131,164
"837",20133,376
"838",20135,0
"839",20137,28
"840",20139,362
"841",20141,69
"842",20143,42
"843",20145,81
"844",20147,67
"845",20149,132
"846",20151,218
"847",20153,0
"848",20155,904
"849",20157,8
"850",20159,132
"851",20161,311
"852",20163,79
"853",20165,14
"854",20167,54
"855",20169,509
"856",20171,2
"857",20173,2652
"858",20175,2
"859",20177,5722
"860",20179,29
"861",20181,16
"862",20183,5
"863",20185,127
"864",20187,2
"865",20189,81
"866",20191,328
"867",20193,7
"868",20195,26
"869",20197,708
"870",20199,36
"871",20201,8
"872",20203,3
"873",20205,85
"874",20207,24
"875",20209,11172
"876",20000,54030
"877",27001,46
"878",27003,41
"879",27005,4
"880",27007,11
"881",27009,2
"882",27011,3
"883",27013,8
"884",27015,2
"885",27017,0
"886",27019,4
"887",27021,36
"888",27023,5
"889",27025,4
"890",27027,15
"891",27029,0
"892",27031,0
"893",27033,2
"894",27035,2
"895",27037,40
"896",27039,27
"897",27041,5
"898",27043,9
"899",27045,11
"900",27047,7
"901",27049,45
"902",27051,0
"903",27053,2646
"904",27055,1
"905",27057,15
"906",27059,4
"907",27061,12
"908",27063,2
"909",27065,0
"910",27067,5
"911",27069,2
"912",27071,10
"913",27073,5
"914",27075,0
"915",27079,23
"916",27081,1
"917",27083,5
"918",27085,12
"919",27087,0
"920",27089,3
"921",27091,4
"922",27093,3
"923",27095,6
"924",27097,6
"925",27099,21
"926",27101,1
"927",27103,11
"928",27105,0
"929",27107,2
"930",27109,33
"931",27111,52
"932",27113,7
"933",27115,11
"934",27117,1
"935",27119,27
"936",27121,3
"937",27123,3154
"938",27125,0
"939",27127,11
"940",27129,1
"941",27131,21
"942",27133,3
"943",27135,2
"944",27137,439
"945",27139,1
"946",27141,9
"947",27143,6
"948",27145,14
"949",27147,20
"950",27149,2
"951",27151,1
"952",27153,2
"953",27155,2
"954",27157,11
"955",27159,1
"956",27161,5
"957",27163,71
"958",27165,1
"959",27167,3
"960",27169,22
"961",27171,18
"962",27173,1
"963",27000,7084
"964",29001,216
"965",29003,130
"966",29005,14
"967",29007,1617
"968",29009,6
"969",29011,24
"970",29013,238
"971",29015,136
"972",29017,30
"973",29019,4185
"974",29021,4457
"975",29023,1372
"976",29025,278
"977",29027,3514
"978",29029,46
"979",29031,1990
"980",29033,1019
"981",29035,2
"982",29037,510
"983",29039,13
"984",29041,2232
"985",29043,51
"986",29045,50
"987",29047,1052
"988",29049,769
"989",29051,2157
"990",29053,2878
"991",29055,35
"992",29057,235
"993",29059,2
"994",29061,258
"995",29063,64
"996",29065,18
"997",29067,8
"998",29069,96
"999",29071,1365
"1000",29073,41
"1001",29075,11
"1002",29077,2625
"1003",29079,159
"1004",29081,28
"1005",29083,842
"1006",29085,7
"1007",29087,118
"1008",29089,3152
"1009",29091,127
"1010",29093,179
"1011",29095,24936
"1012",29097,1368
"1013",29099,1565
"1014",29101,1251
"1015",29103,168
"1016",29105,216
"1017",29107,2869
"1018",29109,91
"1019",29111,776
"1020",29113,1362
"1021",29115,668
"1022",29117,596
"1023",29119,2
"1024",29121,1004
"1025",29123,280
"1026",29125,8
"1027",29127,2894
"1028",29129,33
"1029",29131,96
"1030",29133,2006
"1031",29135,503
"1032",29137,1223
"1033",29139,1176
"1034",29141,410
"1035",29143,2097
"1036",29145,539
"1037",29147,155
"1038",29149,9
"1039",29151,149
"1040",29153,16
"1041",29155,1533
"1042",29157,228
"1043",29159,2715
"1044",29161,136
"1045",29163,3350
"1046",29165,719
"1047",29167,138
"1048",29169,22
"1049",29171,20
"1050",29173,610
"1051",29175,2458
"1052",29177,1215
"1053",29179,2
"1054",29181,5
"1055",29183,1718
"1056",29185,184
"1057",29187,556
"1058",29189,4253
"1059",29186,386
"1060",29195,3784
"1061",29197,4
"1062",29199,45
"1063",29201,545
"1064",29203,0
"1065",29205,558
"1066",29207,24
"1067",29209,1
"1068",29211,93
"1069",29213,1
"1070",29215,2
"1071",29217,138
"1072",29219,478
"1073",29221,403
"1074",29223,23
"1075",29225,87
"1076",29227,0
"1077",29229,236
"1078",29510,43960
"1079",29000,157452
"1080",31001,97
"1081",31003,9
"1082",31007,0
"1083",31009,14
"1084",31011,5
"1085",31013,55
"1086",31015,3
"1087",31017,5
"1088",31019,58
"1089",31021,5
"1090",31023,12
"1091",31025,30
"1092",31027,2
"1093",31029,0
"1094",31031,80
"1095",31033,4
"1096",31035,9
"1097",31037,12
"1098",31039,1
"1099",31041,54
"1100",31043,12
"1101",31045,105
"1102",31047,11
"1103",31049,0
"1104",31051,0
"1105",31053,56
"1106",31055,5208
"1107",31057,8
"1108",31059,8
"1109",31061,2
"1110",31063,1
"1111",31065,7
"1112",31067,58
"1113",31069,4
"1114",31071,14
"1115",31073,1
"1116",31075,15
"1117",31077,5
"1118",31079,129
"1119",31081,29
"1120",31083,24
"1121",31085,4
"1122",31087,1
"1123",31089,10
"1124",31091,0
"1125",31093,3
"1126",31095,33
"1127",31097,1
"1128",31099,15
"1129",31101,0
"1130",31103,7
"1131",31105,2
"1132",31107,8
"1133",31109,870
"1134",31111,25
"1135",31113,0
"1136",31115,4
"1137",31117,3
"1138",31119,61
"1139",31121,28
"1140",31123,6
"1141",31125,12
"1142",31127,19
"1143",31129,4
"1144",31131,81
"1145",31133,0
"1146",31135,0
"1147",31137,8
"1148",31139,0
"1149",31141,15
"1150",31143,6
"1151",31145,4
"1152",31147,83
"1153",31149,1
"1154",31151,23
"1155",31153,36
"1156",31155,21
"1157",31157,16
"1158",31159,8
"1159",31161,1
"1160",31163,5
"1161",31165,14
"1162",31167,1
"1163",31169,2
"1164",31171,11
"1165",31173,13
"1166",31175,2
"1167",31177,2
"1168",31179,1
"1169",31181,6
"1170",31183,33
"1171",31185,28
"1172",31000,7689
"1173",38001,0
"1174",38003,2
"1175",38005,9
"1176",38007,6
"1177",38009,10
"1178",38011,1
"1179",38013,4
"1180",38015,54
"1181",38017,120
"1182",38019,14
"1183",38021,6
"1184",38023,3
"1185",38025,0
"1186",38027,2
"1187",38029,9
"1188",38031,3
"1189",38035,60
"1190",38039,15
"1191",38041,8
"1192",38043,11
"1193",38045,5
"1194",38047,1
"1195",38049,14
"1196",38051,3
"1197",38053,2
"1198",38055,4
"1199",38057,0
"1200",38059,12
"1201",38061,1
"1202",38063,1
"1203",38065,0
"1204",38067,5
"1205",38069,25
"1206",38071,44
"1207",38073,8
"1208",38075,0
"1209",38077,11
"1210",38079,6
"1211",38081,1
"1212",38083,0
"1213",38089,6
"1214",38091,3
"1215",38093,8
"1216",38095,19
"1217",38097,2
"1218",38099,5
"1219",38101,67
"1220",38103,3
"1221",38105,24
"1222",38000,617
"1223",46001,1
"1224",46003,1
"1225",46005,39
"1226",46007,0
"1227",46009,1
"1228",46011,21
"1229",46013,74
"1230",46015,2
"1231",46017,1
"1232",46019,0
"1233",46021,0
"1234",46023,0
"1235",46025,4
"1236",46027,0
"1237",46029,25
"1238",46031,3
"1239",46033,4
"1240",46035,18
"1241",46037,1
"1242",46039,5
"1243",46041,0
"1244",46043,2
"1245",46045,5
"1246",46047,20
"1247",46049,3
"1248",46051,0
"1249",46053,20
"1250",46057,0
"1251",46059,2
"1252",46061,1
"1253",46063,0
"1254",46065,13
"1255",46067,3
"1256",46069,1
"1257",46073,0
"1258",46077,13
"1259",46079,1
"1260",46081,177
"1261",46083,2
"1262",46085,27
"1263",46087,5
"1264",46089,0
"1265",46091,6
"1266",46093,30
"1267",46095,0
"1268",46097,0
"1269",46099,72
"1270",46101,2
"1271",46103,33
"1272",46105,2
"1273",0,10
"1274",46107,0
"1275",46109,3
"1276",46111,3
"1277",46111.1015625,0
"1278",46113,0
"1279",46115,0
"1280",46117,38
"1281",46117.1015625,1
"1282",46119,49
"1283",46121,5
"1284",46123,5
"1285",46125,0
"1286",46127,2
"1287",46129,0
"1288",46131,0
"1289",46133,0
"1290",46135,61
"1291",46000,817
"1292",51001,13273
"1293",51003,9673
"1294",51005,2945
"1295",51007,5490
"1296",51009,7465
"1297",51011,3089
"1298",51013,2645
"1299",51015,4541
"1300",51017,1176
"1301",51019,8455
"1302",51021,133
"1303",51023,3495
"1304",51025,11366
"1305",51027,4
"1306",51029,7570
"1307",51031,9002
"1308",51033,8750
"1309",51035,268
"1310",51036,3765
"1311",51037,8335
"1312",51041,7527
"1313",51043,1900
"1314",51045,207
"1315",51047,5262
"1316",51049,6053
"1317",51051,7
"1318",51053,9368
"1319",51055,7992
"1320",51057,5315
"1321",51059,4864
"1322",51061,7486
"1323",51063,837
"1324",51065,3374
"1325",51067,5435
"1326",51069,694
"1327",51071,755
"1328",51073,5907
"1329",51075,5230
"1330",51077,939
"1331",51079,1339
"1332",51081,7393
"1333",51083,20013
"1334",51085,7040
"1335",51087,6837
"1336",51089,7462
"1337",51091,260
"1338",51093,7512
"1339",51095,3034
"1340",51097,5373
"1341",51099,2913
"1342",51101,4855
"1343",51103,5139
"1344",51105,952
"1345",51107,5221
"1346",51109,7883
"1347",51111,6811
"1348",51113,3264
"1349",51115,2513
"1350",51117,16394
"1351",51119,4636
"1352",51121,2323
"1353",51123,15536
"1354",51125,5263
"1355",51127,2791
"1356",51129,31791
"1357",51131,9314
"1358",51133,4267
"1359",51135,7347
"1360",51137,5526
"1361",51139,1166
"1362",51141,1618
"1363",51143,20163
"1364",51145,3633
"1365",51147,8458
"1366",51149,4551
"1367",51151,5818
"1368",51153,2825
"1369",51155,2930
"1370",51157,2148
"1371",51159,3071
"1372",51161,3525
"1373",51163,3528
"1374",51165,2335
"1375",51167,1025
"1376",51169,503
"1377",51171,493
"1378",51173,981
"1379",51175,16091
"1380",51177,3593
"1381",51179,1720
"1382",51181,6005
"1383",51183,8962
"1384",51185,2820
"1385",51187,1131
"1386",51189,4334
"1387",51191,2312
"1388",51193,4668
"1389",51195,2861
"1390",51197,2188
"1391",51199,3764
"1392",51510,4188
"1393",51520,1144
"1394",51530,416
"1395",51540,2524
"1396",51560,1092
"1397",51590,6207
"1398",51630,1480
"1399",51680,9466
"1400",51700,7259
"1401",51710,25039
"1402",51730,11014
"1403",51740,11617
"1404",51750,665
"1405",51760,46733
"1406",51770,7924
"1407",51790,2476
"1408",51830,NA
"1409",51840,1038
"1410",51000,671096
"1411",1001,11717
"1412",1003,5110
"1413",1005,20456
"1414",1007,7710
"1415",1009,1181
"1416",1011,25362
"1417",1013,15373
"1418",1015,10757
"1419",1017,18660
"1420",1019,2606
"1421",1021,4759
"1422",1023,11503
"1423",1025,17311
"1424",1027,2648
"1425",1029,711
"1426",1031,5782
"1427",1033,9449
"1428",1035,10079
"1429",1037,6256
"1430",1039,8001
"1431",1041,7514
"1432",1043,533
"1433",1045,5810
"1434",1047,43511
"1435",1049,854
"1436",1051,13246
"1437",1053,5569
"1438",1055,6804
"1439",1057,1866
"1440",1059,1842
"1441",1061,4305
"1442",1063,19705
"1443",1065,21987
"1444",1067,10150
"1445",1069,9597
"1446",1071,3136
"1447",1073,90617
"1448",1075,3180
"1449",1077,7096
"1450",1079,6933
"1451",1081,19643
"1452",1083,10255
"1453",1085,28125
"1454",1087,22039
"1455",1089,18894
"1456",1091,30846
"1457",1093,520
"1458",1095,1365
"1459",1097,34719
"1460",1099,15727
"1461",1101,56867
"1462",1103,8198
"1463",1105,24494
"1464",1107,12951
"1465",1109,14437
"1466",1111,5717
"1467",1113,20198
"1468",1115,3632
"1469",1117,7641
"1470",1119,23322
"1471",1121,18265
"1472",1123,11457
"1473",1125,19026
"1474",1127,6538
"1475",1129,6064
"1476",1131,27602
"1477",1133,54
"1478",1000,908282
"1479",5001,4269
"1480",5003,13276
"1481",5005,7
"1482",5007,110
"1483",5009,7
"1484",5011,4641
"1485",5013,3413
"1486",5015,66
"1487",5017,17682
"1488",5019,7367
"1489",5021,10
"1490",5023,7
"1491",5025,4334
"1492",5027,10869
"1493",5029,8298
"1494",5031,1328
"1495",5033,2063
"1496",5035,19000
"1497",5037,6127
"1498",5039,4657
"1499",5041,12129
"1500",5043,11789
"1501",5045,4460
"1502",5047,382
"1503",5049,44
"1504",5051,4665
"1505",5053,994
"1506",5055,40
"1507",5057,14100
"1508",5059,1960
"1509",5061,3498
"1510",5063,1264
"1511",5065,242
"1512",5067,6203
"1513",5069,37692
"1514",5071,517
"1515",5073,7181
"1516",5075,750
"1517",5077,19003
"1518",5079,9967
"1519",5081,5698
"1520",5083,640
"1521",5085,11268
"1522",5087,45
"1523",5089,0
"1524",5091,7163
"1525",5093,13472
"1526",5095,12526
"1527",5097,304
"1528",5099,6790
"1529",5101,10
"1530",5103,12333
"1531",5105,910
"1532",5107,26354
"1533",5109,918
"1534",5111,2121
"1535",5113,46
"1536",5115,1867
"1537",5117,4481
"1538",5119,35462
"1539",5121,515
"1540",5123,15508
"1541",5125,1833
"1542",5127,22
"1543",5129,104
"1544",5131,5410
"1545",5133,2296
"1546",5135,83
"1547",5137,94
"1548",5139,13747
"1549",5141,220
"1550",5143,614
"1551",5145,2162
"1552",5147,11705
"1553",5149,1759
"1554",5000,442891
"1555",12001,19092
"1556",12003,1159
"1557",12007,3987
"1558",12009,1399
"1559",12013,2140
"1560",12017,3635
"1561",12019,2453
"1562",12023,8411
"1563",12025,4194
"1564",12027,2351
"1565",12031,37270
"1566",12033,15111
"1567",12037,2487
"1568",12039,14965
"1569",12047,5533
"1570",12053,2781
"1571",12057,16445
"1572",12059,1194
"1573",12063,14254
"1574",12065,13114
"1575",12067,1361
"1576",12069,3627
"1577",12071,937
"1578",12073,14726
"1579",12075,4727
"1580",12077,2111
"1581",12079,9410
"1582",12081,2346
"1583",12083,16376
"1584",12087,5842
"1585",12089,5553
"1586",12095,7604
"1587",12097,927
"1588",12099,2220
"1589",12101,2456
"1590",12105,7419
"1591",12107,6804
"1592",12109,5454
"1593",12111,865
"1594",12113,4234
"1595",12119,2255
"1596",12121,7813
"1597",12123,2689
"1598",12127,6592
"1599",12129,2384
"1600",12131,4997
"1601",12133,4965
"1602",12000,308669
"1603",13001,2863
"1604",13007,5718
"1605",13009,11005
"1606",13011,2321
"1607",13015,6348
"1608",13017,4901
"1609",13019,6263
"1610",13021,27481
"1611",13027,14086
"1612",13029,3337
"1613",13031,10591
"1614",13033,22462
"1615",13035,7200
"1616",13037,8361
"1617",13039,5113
"1618",13041,3616
"1619",13045,6383
"1620",13047,476
"1621",13049,1189
"1622",13051,43981
"1623",13053,3864
"1624",13055,2454
"1625",13057,1168
"1626",13059,11767
"1627",13061,6569
"1628",13063,4632
"1629",13065,3378
"1630",13067,7418
"1631",13069,7734
"1632",13071,4617
"1633",13073,9198
"1634",13077,16267
"1635",13079,4922
"1636",13081,8616
"1637",13083,291
"1638",13085,152
"1639",13087,16738
"1640",13089,8362
"1641",13091,8460
"1642",13093,12728
"1643",13095,12049
"1644",13097,2171
"1645",13099,11273
"1646",13101,990
"1647",13103,4278
"1648",13105,12082
"1649",13107,9990
"1650",13111,162
"1651",13113,3815
"1652",13115,10482
"1653",13117,1098
"1654",13119,3974
"1655",13121,57985
"1656",13123,71
"1657",13125,1507
"1658",13127,9774
"1659",13129,1356
"1660",13131,7403
"1661",13133,11636
"1662",13135,4431
"1663",13137,711
"1664",13139,4030
"1665",13141,14268
"1666",13143,2027
"1667",13145,12865
"1668",13147,5080
"1669",13149,3756
"1670",13151,10184
"1671",13153,17388
"1672",13155,4916
"1673",13157,8613
"1674",13159,11484
"1675",13161,1593
"1676",13163,12979
"1677",13165,7296
"1678",13167,5557
"1679",13169,9288
"1680",13175,17544
"1681",13177,9992
"1682",13179,8355
"1683",13181,5175
"1684",13185,12955
"1685",13187,320
"1686",13189,5985
"1687",13191,4978
"1688",13193,10581
"1689",13195,5149
"1690",13197,5364
"1691",13199,14730
"1692",13201,3257
"1693",13203,718
"1694",13205,11649
"1695",13207,13656
"1696",13209,7310
"1697",13211,13414
"1698",13213,402
"1699",13215,16747
"1700",13217,9458
"1701",13219,5162
"1702",13221,11338
"1703",13223,1588
"1704",13227,440
"1705",13229,2742
"1706",13231,10159
"1707",13233,5697
"1708",13235,13504
"1709",13237,10178
"1710",13239,3588
"1711",13241,156
"1712",13243,12986
"1713",13245,28390
"1714",13247,3592
"1715",13249,3291
"1716",13251,12165
"1717",13255,10060
"1718",13257,2222
"1719",13259,10381
"1720",13261,21243
"1721",13263,8230
"1722",13265,6450
"1723",13267,5841
"1724",13269,5379
"1725",13271,4761
"1726",13273,16607
"1727",13275,17086
"1728",13277,3777
"1729",13279,3411
"1730",13281,15
"1731",13285,15399
"1732",13287,4018
"1733",13289,7396
"1734",13291,64
"1735",13293,6998
"1736",13295,2451
"1737",13297,10070
"1738",13299,8914
"1739",13301,8132
"1740",13303,17393
"1741",13305,3309
"1742",13307,4182
"1743",13311,397
"1744",13313,1719
"1745",13315,5505
"1746",13317,16598
"1747",13319,5155
"1748",13321,9517
"1749",13000,1176987
"1750",22001,6546
"1751",22005,11255
"1752",22007,10105
"1753",22009,12039
"1754",22013,9464
"1755",22015,16735
"1756",22017,36142
"1757",22019,16562
"1758",22021,3465
"1759",22023,538
"1760",22025,5195
"1761",22027,14938
"1762",22029,11941
"1763",22031,17932
"1764",22033,21342
"1765",22035,10390
"1766",22037,14536
"1767",22041,5264
"1768",22043,4869
"1769",22045,14474
"1770",22047,19145
"1771",22049,3996
"1772",22051,6785
"1773",22055,10734
"1774",22057,7973
"1775",22059,1953
"1776",22061,7289
"1777",22063,1377
"1778",22065,9455
"1779",22067,13971
"1780",22069,20334
"1781",22071,89262
"1782",22073,14153
"1783",22075,6847
"1784",22077,17147
"1785",22079,21445
"1786",22081,6212
"1787",22083,10463
"1788",22085,4164
"1789",22087,1933
"1790",22089,6720
"1791",22091,4573
"1792",22093,13164
"1793",22095,8126
"1794",22097,31234
"1795",22099,9836
"1796",22101,21266
"1797",22103,6731
"1798",22105,9135
"1799",22107,15613
"1800",22109,11194
"1801",22111,7448
"1802",22113,4500
"1803",22115,3716
"1804",22117,5458
"1805",22119,9900
"1806",22121,9223
"1807",22123,2724
"1808",22125,11012
"1809",22127,3931
"1810",22000,713874
"1811",28001,18908
"1812",28003,4275
"1813",28005,12590
"1814",28007,13219
"1815",28009,5037
"1816",28011,42763
"1817",28013,3812
"1818",28015,13475
"1819",28017,12714
"1820",28019,4169
"1821",28021,13608
"1822",28023,10262
"1823",28025,14105
"1824",28027,30382
"1825",28029,19981
"1826",28031,5224
"1827",28033,17572
"1828",28035,7683
"1829",28037,6823
"1830",28039,1827
"1831",28041,1347
"1832",28043,11161
"1833",28045,4339
"1834",28047,10643
"1835",28049,45407
"1836",28051,31197
"1837",28055,9946
"1838",28057,1198
"1839",28059,5467
"1840",28061,9013
"1841",28063,14287
"1842",28065,6757
"1843",28067,8417
"1844",28069,11691
"1845",28071,9904
"1846",28073,3619
"1847",28075,21875
"1848",28077,5147
"1849",28079,6171
"1850",28081,10667
"1851",28083,30628
"1852",28085,12054
"1853",28087,21784
"1854",28089,27298
"1855",28091,6063
"1856",28093,19342
"1857",28095,19535
"1858",28097,8927
"1859",28099,2949
"1860",28101,8950
"1861",28103,23947
"1862",28105,12675
"1863",28107,21224
"1864",28109,2422
"1865",28111,2581
"1866",28113,17597
"1867",28115,4727
"1868",28117,2875
"1869",28119,8864
"1870",28121,14249
"1871",28123,6896
"1872",28125,13967
"1873",28127,5969
"1874",28129,2899
"1875",28133,23281
"1876",28135,20180
"1877",28137,11535
"1878",28139,2801
"1879",28141,1089
"1880",28143,16910
"1881",28145,4216
"1882",28149,26191
"1883",28151,41600
"1884",28153,5843
"1885",28155,3286
"1886",28157,13904
"1887",28159,6863
"1888",28161,11182
"1889",28163,35502
"1890",28000,1009487
"1891",37001,7173
"1892",37003,910
"1893",37005,340
"1894",37007,13326
"1895",37009,550
"1896",37013,12941
"1897",37015,13503
"1898",37017,8392
"1899",37019,5406
"1900",37021,7982
"1901",37023,2570
"1902",37025,6095
"1903",37027,2416
"1904",37029,2213
"1905",37031,2292
"1906",37033,7651
"1907",37035,3471
"1908",37037,7668
"1909",37039,503
"1910",37041,6159
"1911",37043,158
"1912",37045,5779
"1913",37047,8955
"1914",37049,14310
"1915",37051,15353
"1916",37053,2598
"1917",37055,495
"1918",37057,3744
"1919",37059,2350
"1920",37061,9281
"1921",37063,12383
"1922",37065,19453
"1923",37067,14027
"1924",37069,11564
"1925",37071,8502
"1926",37073,4693
"1927",37075,0
"1928",37077,12239
"1929",37079,6096
"1930",37081,15379
"1931",37083,24328
"1932",37085,6442
"1933",37087,567
"1934",37089,1815
"1935",37091,9098
"1936",37095,3701
"1937",37097,7456
"1938",37099,603
"1939",37101,10169
"1940",37103,4096
"1941",37105,3526
"1942",37107,10225
"1943",37109,2797
"1944",37111,2080
"1945",37113,576
"1946",37115,432
"1947",37117,8838
"1948",37119,25481
"1949",37121,343
"1950",37123,3660
"1951",37125,5637
"1952",37127,14104
"1953",37129,15302
"1954",37131,13062
"1955",37133,4238
"1956",37135,4926
"1957",37137,3773
"1958",37139,8357
"1959",37141,7620
"1960",37143,5589
"1961",37145,7474
"1962",37147,18106
"1963",37149,1094
"1964",37151,3421
"1965",37153,9225
"1966",37155,22518
"1967",37157,10474
"1968",37159,9074
"1969",37161,4288
"1970",37163,10043
"1971",37165,8473
"1972",37167,2132
"1973",37169,2569
"1974",37171,2632
"1975",37173,185
"1976",37175,638
"1977",37177,1642
"1978",37179,9337
"1979",37181,10004
"1980",37183,25870
"1981",37185,13207
"1982",37187,5503
"1983",37189,246
"1984",37191,15579
"1985",37193,2591
"1986",37195,12350
"1987",37197,1174
"1988",37199,233
"1989",37000,697843
"1990",45001,22522
"1991",45003,22850
"1992",45007,26335
"1993",45009,12874
"1994",45011,24647
"1995",45013,26376
"1996",45015,18231
"1997",45017,12739
"1998",45019,56033
"1999",45021,8510
"2000",45023,19140
"2001",45025,10557
"2002",45027,23393
"2003",45029,22296
"2004",45031,21283
"2005",45033,11539
"2006",45035,10982
"2007",45037,20114
"2008",45039,22377
"2009",45041,20340
"2010",45043,16110
"2011",45045,20861
"2012",45047,21302
"2013",45049,16120
"2014",45051,6668
"2015",45055,16444
"2016",45057,13115
"2017",45059,22753
"2018",45061,17251
"2019",45063,11638
"2020",45067,11208
"2021",45069,18928
"2022",45071,22040
"2023",45073,6848
"2024",45075,36794
"2025",45077,5430
"2026",45079,29533
"2027",45081,11189
"2028",45083,26410
"2029",45085,28103
"2030",45087,15471
"2031",45089,23214
"2032",45091,25275
"2033",45000,835843
"2034",48001,11323
"2035",48003,1
"2036",48005,2435
"2037",48007,136
"2038",48009,3
"2039",48011,0
"2040",48013,228
"2041",48015,5018
"2042",48017,0
"2043",48019,34
"2044",48021,9428
"2045",48023,3
"2046",48025,568
"2047",48027,6302
"2048",48029,11642
"2049",48031,350
"2050",48033,0
"2051",48035,848
"2052",48037,12734
"2053",48039,6237
"2054",48041,8827
"2055",48043,71
"2056",48045,0
"2057",48049,525
"2058",48051,8587
"2059",48053,292
"2060",48055,5378
"2061",48057,491
"2062",48059,4
"2063",48061,74
"2064",48063,4415
"2065",48065,0
"2066",48067,9952
"2067",48069,0
"2068",48071,1032
"2069",48073,7641
"2070",48075,0
"2071",48077,101
"2072",48079,0
"2073",48081,0
"2074",48083,253
"2075",48085,2206
"2076",48087,3
"2077",48089,7074
"2078",48091,232
"2079",48093,12
"2080",48095,7
"2081",48097,1688
"2082",48099,488
"2083",48101,1
"2084",48103,0
"2085",48105,4
"2086",48107,0
"2087",48111,6
"2088",48113,24355
"2089",48115,2
"2090",48117,68
"2091",48119,809
"2092",48121,2210
"2093",48123,4753
"2094",48125,2
"2095",48127,29
"2096",48129,38
"2097",48131,8
"2098",48133,57
"2099",48135,0
"2100",48137,4
"2101",48139,9623
"2102",48141,1562
"2103",48143,589
"2104",48145,12612
"2105",48147,5366
"2106",48149,7361
"2107",48151,9
"2108",48153,0
"2109",48155,6
"2110",48157,11422
"2111",48159,735
"2112",48161,8772
"2113",48163,151
"2114",48165,0
"2115",48167,8747
"2116",48169,36
"2117",48171,116
"2118",48173,5
"2119",48175,1501
"2120",48177,8212
"2121",48179,2
"2122",48181,7753
"2123",48183,7781
"2124",48185,9858
"2125",48187,5681
"2126",48189,5
"2127",48191,2
"2128",48193,8
"2129",48195,0
"2130",48197,40
"2131",48199,2550
"2132",48201,30950
"2133",48203,23698
"2134",48205,3
"2135",48207,84
"2136",48209,2165
"2137",48211,0
"2138",48213,4177
"2139",48215,62
"2140",48217,4856
"2141",48219,0
"2142",48221,212
"2143",48223,3283
"2144",48225,12548
"2145",48227,4
"2146",48231,4579
"2147",48233,1
"2148",48235,1
"2149",48237,118
"2150",48239,2114
"2151",48241,4731
"2152",48243,47
"2153",48245,10676
"2154",48251,1637
"2155",48253,259
"2156",48255,793
"2157",48257,8374
"2158",48259,253
"2159",48263,1
"2160",48265,248
"2161",48267,0
"2162",48269,8
"2163",48271,158
"2164",48275,17
"2165",48277,10993
"2166",48279,1
"2167",48281,436
"2168",48283,93
"2169",48285,4384
"2170",48287,4039
"2171",48289,6878
"2172",48291,3401
"2173",48293,9247
"2174",48295,3
"2175",48297,36
"2176",48299,62
"2177",48301,1
"2178",48303,5
"2179",48305,0
"2180",48307,189
"2181",48309,17234
"2182",48311,58
"2183",48313,2757
"2184",48315,6725
"2185",48317,1
"2186",48319,70
"2187",48321,4457
"2188",48323,96
"2189",48325,449
"2190",48327,24
"2191",48329,26
"2192",48331,9485
"2193",48333,7
"2194",48335,192
"2195",48337,27
"2196",48339,7104
"2197",48341,0
"2198",48343,3706
"2199",48345,0
"2200",48347,7030
"2201",48349,10968
"2202",48351,3864
"2203",48353,111
"2204",48355,742
"2205",48357,0
"2206",48359,0
"2207",48361,1898
"2208",48363,528
"2209",48365,8842
"2210",48367,693
"2211",48369,0
"2212",48371,2
"2213",48373,6594
"2214",48375,149
"2215",48377,31
"2216",48379,616
"2217",48381,0
"2218",48383,2
"2219",48387,8673
"2220",48389,82
"2221",48391,481
"2222",48393,3
"2223",48395,14571
"2224",48397,731
"2225",48399,133
"2226",48401,11314
"2227",48403,1679
"2228",48405,3453
"2229",48407,5193
"2230",48409,79
"2231",48411,103
"2232",48413,44
"2233",48415,1
"2234",48417,126
"2235",48419,5274
"2236",48421,2
"2237",48423,17246
"2238",48425,1
"2239",48427,21
"2240",48429,4
"2241",48431,1
"2242",48433,3
"2243",48435,3
"2244",48437,0
"2245",48439,15418
"2246",48441,639
"2247",48443,4
"2248",48445,1
"2249",48447,11
"2250",48449,3118
"2251",48451,716
"2252",48453,15473
"2253",48455,3195
"2254",48457,2207
"2255",48459,5649
"2256",48461,12
"2257",48463,262
"2258",48465,153
"2259",48467,1534
"2260",48469,3600
"2261",48471,8362
"2262",48473,6712
"2263",48475,3
"2264",48477,12017
"2265",48479,38
"2266",48481,8889
"2267",48483,2
"2268",48485,612
"2269",48487,70
"2270",48491,7370
"2271",48493,956
"2272",48495,1
"2273",48497,67
"2274",48499,3926
"2275",48501,0
"2276",48503,3
"2277",48505,0
"2278",48507,1
"2279",48000,690049
"2280",21001,1475
"2281",21003,910
"2282",21005,734
"2283",21007,1585
"2284",21009,3590
"2285",21011,1336
"2286",21013,2920
"2287",21015,478
"2288",21017,5642
"2289",21019,822
"2290",21021,4153
"2291",21023,339
"2292",21025,260
"2293",21027,1581
"2294",21029,679
"2295",21031,561
"2296",21033,2520
"2297",21035,1069
"2298",21037,735
"2299",21039,393
"2300",21041,530
"2301",21043,110
"2302",21045,278
"2303",21047,15956
"2304",21049,4462
"2305",21051,494
"2306",21053,94
"2307",21055,588
"2308",21057,1024
"2309",21059,5195
"2310",21061,439
"2311",21063,1
"2312",21065,106
"2313",21067,14879
"2314",21069,1027
"2315",21071,99
"2316",21073,3746
"2317",21075,3356
"2318",21077,274
"2319",21079,2284
"2320",21081,292
"2321",21083,2899
"2322",21085,333
"2323",21087,1343
"2324",21089,257
"2325",21091,566
"2326",21093,1826
"2327",21095,564
"2328",21097,1750
"2329",21099,1991
"2330",21101,6818
"2331",21103,1792
"2332",21105,1766
"2333",21107,6573
"2334",21109,22
"2335",21111,45794
"2336",21113,2962
"2337",21115,47
"2338",21117,3228
"2339",21119,157
"2340",21121,1059
"2341",21123,785
"2342",21125,657
"2343",21127,163
"2344",21129,234
"2345",21131,132
"2346",21133,17
"2347",21135,141
"2348",21137,2955
"2349",21139,670
"2350",21141,5349
"2351",21143,1799
"2352",21145,7934
"2353",21149,750
"2354",21151,5698
"2355",21153,54
"2356",21155,2266
"2357",21157,135
"2358",21159,4
"2359",21161,2868
"2360",21163,655
"2361",21165,40
"2362",21167,2171
"2363",21169,794
"2364",21171,705
"2365",21173,3192
"2366",21175,34
"2367",21177,2911
"2368",21179,2935
"2369",21181,896
"2370",21183,1288
"2371",21185,1078
"2372",21187,943
"2373",21189,75
"2374",21191,261
"2375",21193,214
"2376",21195,332
"2377",21197,337
"2378",21199,1187
"2379",21201,70
"2380",21203,125
"2381",21205,59
"2382",21207,207
"2383",21209,4044
"2384",21211,3991
"2385",21213,2165
"2386",21215,758
"2387",21217,1429
"2388",21219,5343
"2389",21221,3322
"2390",21223,142
"2391",21225,2414
"2392",21227,6113
"2393",21229,1779
"2394",21231,739
"2395",21233,2643
"2396",21235,1111
"2397",21237,56
"2398",21239,3724
"2399",21000,261656
"2400",24001,1517
"2401",24003,14136
"2402",24005,12601
"2403",24009,5046
"2404",24011,4787
"2405",24013,2006
"2406",24015,3315
"2407",24017,8572
"2408",24019,9421
"2409",24021,5399
"2410",24023,107
"2411",24025,5116
"2412",24027,3772
"2413",24029,6162
"2414",24031,9235
"2415",24033,11493
"2416",24035,5814
"2417",24039,9476
"2418",24037,7304
"2419",24041,6774
"2420",24043,2113
"2421",24045,6310
"2422",24047,7025
"2423",24510,84749
"2424",24000,232250
"2425",40001,22
"2426",40003,5
"2427",40005,2109
"2428",40007,12
"2429",40009,2
"2430",40011,1434
"2431",40013,2184
"2432",40015,1178
"2433",40017,823
"2434",40019,4315
"2435",40021,995
"2436",40023,4303
"2437",40025,2
"2438",40027,456
"2439",40029,976
"2440",40031,962
"2441",40035,1175
"2442",40037,2778
"2443",40039,291
"2444",40041,38
"2445",40043,52
"2446",40045,2
"2447",40047,822
"2448",40049,2318
"2449",40051,1731
"2450",40053,14
"2451",40055,146
"2452",40057,0
"2453",40059,4
"2454",40061,385
"2455",40063,1737
"2456",40065,114
"2457",40067,397
"2458",40069,884
"2459",40071,109
"2460",40073,2392
"2461",40075,317
"2462",40077,618
"2463",40079,1781
"2464",40081,3945
"2465",40083,8196
"2466",40085,1021
"2467",40087,1081
"2468",40089,4576
"2469",40091,5283
"2470",40093,90
"2471",40095,319
"2472",40097,799
"2473",40099,423
"2474",40101,16454
"2475",40103,642
"2476",40105,1954
"2477",40107,8073
"2478",40109,9227
"2479",40111,5933
"2480",40113,391
"2481",40115,11
"2482",40117,806
"2483",40119,1456
"2484",40121,5244
"2485",40123,1009
"2486",40125,2017
"2487",40127,385
"2488",40129,0
"2489",40131,620
"2490",40133,4081
"2491",40135,3178
"2492",40137,96
"2493",40139,1
"2494",40141,432
"2495",40143,2754
"2496",40145,8761
"2497",40147,434
"2498",40149,25
"2499",40151,3
"2500",40153,9
"2501",40000,137612
"2502",47001,921
"2503",47003,5486
"2504",47005,340
"2505",47007,391
"2506",47009,1221
"2507",47011,1717
"2508",47013,1887
"2509",47015,580
"2510",47017,5051
"2511",47019,660
"2512",47021,1593
"2513",47023,1571
"2514",47025,819
"2515",47027,289
"2516",47029,1051
"2517",47031,1624
"2518",47033,3611
"2519",47035,63
"2520",47037,46710
"2521",47039,1019
"2522",47041,835
"2523",47043,3079
"2524",47045,5685
"2525",47047,22702
"2526",47049,98
"2527",47051,3126
"2528",47053,9547
"2529",47055,10867
"2530",47057,483
"2531",47059,1369
"2532",47061,143
"2533",47063,1610
"2534",47065,26026
"2535",47067,481
"2536",47069,10098
"2537",47071,2170
"2538",47073,1805
"2539",47075,17710
"2540",47077,1918
"2541",47079,5921
"2542",47081,2430
"2543",47083,910
"2544",47085,1201
"2545",47087,302
"2546",47087.1015625,492
"2547",47089,1639
"2548",47091,377
"2549",47093,12709
"2550",47095,3268
"2551",47097,9554
"2552",47099,969
"2553",47101,854
"2554",47103,5502
"2555",47105,964
"2556",47107,1892
"2557",47109,1557
"2558",47111,732
"2559",47113,16167
"2560",47115,2289
"2561",47117,3414
"2562",47119,16169
"2563",47121,566
"2564",47123,1167
"2565",47125,13430
"2566",47127,334
"2567",47129,691
"2568",47131,5293
"2569",47133,299
"2570",47135,633
"2571",47137,11
"2572",47139,284
"2573",47141,892
"2574",47143,1316
"2575",47145,2366
"2576",47147,6492
"2577",47149,11357
"2578",47151,97
"2579",47153,139
"2580",47155,378
"2581",47157,91719
"2582",47159,2325
"2583",47161,1806
"2584",47163,1535
"2585",47165,5386
"2586",47167,13353
"2587",47169,1781
"2588",47171,131
"2589",47173,30
"2590",47175,48
"2591",47177,1949
"2592",47179,2267
"2593",47181,845
"2594",47183,3470
"2595",47185,899
"2596",47187,7828
"2597",47189,6303
"2598",47000,473088
"2599",54001,920
"2600",54003,1801
"2601",54005,164
"2602",54007,221
"2603",54009,151
"2604",54011,2447
"2605",54013,80
"2606",54015,5
"2607",54017,8
"2608",54019,9311
"2609",54021,17
"2610",54023,253
"2611",54025,1779
"2612",54027,303
"2613",54029,37
"2614",54031,387
"2615",54033,1359
"2616",54035,26
"2617",54037,3499
"2618",54039,6476
"2619",54041,239
"2620",54043,30
"2621",54045,532
"2622",54047,14667
"2623",54049,851
"2624",54051,575
"2625",54053,349
"2626",54055,5960
"2627",54057,601
"2628",54059,1236
"2629",54061,294
"2630",54063,673
"2631",54065,177
"2632",54067,48
"2633",54069,1389
"2634",54071,132
"2635",54073,9
"2636",54075,445
"2637",54077,151
"2638",54079,435
"2639",54081,2052
"2640",54083,376
"2641",54085,26
"2642",54087,18
"2643",54089,1130
"2644",54091,527
"2645",54093,344
"2646",54095,115
"2647",54097,226
"2648",54099,169
"2649",54101,8
"2650",54103,57
"2651",54105,40
"2652",54107,943
"2653",54109,105
"2654",54000,64173
"2655",4001,8
"2656",4003,478
"2657",4005,35
"2658",4007,226
"2659",4009,112
"2660",4013,469
"2661",4015,10
"2662",4017,38
"2663",4019,295
"2664",4021,48
"2665",4023,34
"2666",4025,148
"2667",4027,108
"2668",4000,2009
"2669",8001,49
"2670",8005,131
"2671",8007,7
"2672",8009,2
"2673",8011,51
"2674",8013,186
"2675",8015,60
"2676",8017,27
"2677",8019,43
"2678",8021,49
"2679",8023,22
"2680",8027,1
"2681",8029,9
"2682",8031,5426
"2683",8033,1
"2684",8035,8
"2685",8037,1
"2686",8039,0
"2687",8041,1330
"2688",8043,339
"2689",8045,64
"2690",8047,18
"2691",8049,9
"2692",8051,44
"2693",8053,6
"2694",8055,323
"2695",8057,0
"2696",8059,134
"2697",8061,1
"2698",8063,5
"2699",8065,71
"2700",8067,63
"2701",8069,33
"2702",8071,379
"2703",8073,8
"2704",8075,23
"2705",8077,130
"2706",8079,2
"2707",8083,3
"2708",8085,9
"2709",8087,17
"2710",8089,247
"2711",8091,22
"2712",8093,1
"2713",8095,1
"2714",8097,15
"2715",8099,38
"2716",8101,1689
"2717",8103,7
"2718",8105,5
"2719",8107,28
"2720",8109,5
"2721",8111,16
"2722",8113,16
"2723",8115,15
"2724",8117,2
"2725",8119,139
"2726",8121,31
"2727",8123,92
"2728",8125,0
"2729",8000,11453
"2730",16001,168
"2731",16005,129
"2732",16007,1
"2733",16011,44
"2734",16013,10
"2735",16015,3
"2736",16017,16
"2737",16027,33
"2738",16031,1
"2739",16037,1
"2740",16039,1
"2741",16043,20
"2742",16049,5
"2743",16055,44
"2744",16057,28
"2745",16059,5
"2746",16063,28
"2747",16069,48
"2748",16071,2
"2749",16073,3
"2750",16079,18
"2751",16083,31
"2752",16087,12
"2753",16000,651
"2754",30001,26
"2755",30007,19
"2756",30009,5
"2757",30013,145
"2758",30015,56
"2759",30017,94
"2760",30021,12
"2761",30023,130
"2762",30027,64
"2763",30029,27
"2764",30031,49
"2765",30039,10
"2766",30043,12
"2767",30049,430
"2768",30053,1
"2769",30057,27
"2770",30059,30
"2771",30063,133
"2772",30067,21
"2773",30077,43
"2774",30081,13
"2775",30087,18
"2776",30089,19
"2777",30093,260
"2778",30097,1
"2779",30099,7
"2780",30105,15
"2781",30111,167
"2782",30000,1834
"2783",32001,1
"2784",32003,12
"2785",32005,7
"2786",32007,38
"2787",32009,99
"2788",32011,1
"2789",32013,36
"2790",32015,7
"2791",32017,7
"2792",32019,4
"2793",32023,74
"2794",32025,56
"2795",32029,10
"2796",32031,115
"2797",32033,46
"2798",32000,513
"2799",35001,311
"2800",35005,233
"2801",35007,225
"2802",35009,6
"2803",35013,65
"2804",35015,56
"2805",35017,164
"2806",35019,10
"2807",35027,27
"2808",35029,11
"2809",35031,66
"2810",35033,5
"2811",35035,24
"2812",35037,25
"2813",35039,2
"2814",35041,4
"2815",35043,7
"2816",35045,7
"2817",35047,122
"2818",35049,128
"2819",35051,8
"2820",35053,45
"2821",35055,5
"2822",35057,8
"2823",35059,42
"2824",35061,22
"2825",35000,1628
"2826",49001,13
"2827",49003,7
"2828",49005,7
"2829",49007,6
"2830",49011,0
"2831",49015,1
"2832",49017,0
"2833",49019,1
"2834",49021,2
"2835",49023,4
"2836",49025,0
"2837",49027,22
"2838",49029,0
"2839",49031,1
"2840",49033,0
"2841",49035,827
"2842",49037,17
"2843",49039,18
"2844",49041,0
"2845",49043,1
"2846",49045,7
"2847",49047,3
"2848",49049,2
"2849",49051,1
"2850",49053,0
"2851",49055,0
"2852",49057,204
"2853",49000,1144
"2854",56001,59
"2855",56003,9
"2856",56007,146
"2857",56009,24
"2858",56011,5
"2859",56013,32
"2860",56019,2
"2861",56021,1607
"2862",56025,19
"2863",56029,13
"2864",56033,183
"2865",56037,101
"2866",56041,26
"2867",56045,5
"2868",56047,4
"2869",56000,2235
"2870",6001,3634
"2871",6003,0
"2872",6005,2
"2873",6007,122
"2874",6009,17
"2875",6011,50
"2876",6013,67
"2877",6015,1
"2878",6017,28
"2879",6019,474
"2880",6021,15
"2881",6023,40
"2882",6025,65
"2883",6027,21
"2884",6029,369
"2885",6031,172
"2886",6033,11
"2887",6035,1
"2888",6037,9424
"2889",6039,56
"2890",6041,145
"2891",6043,18
"2892",6045,31
"2893",6047,75
"2894",6049,4
"2895",6051,0
"2896",6053,107
"2897",6055,48
"2898",6057,14
"2899",6059,97
"2900",6061,55
"2901",6063,5
"2902",6065,518
"2903",6067,631
"2904",6069,26
"2905",6071,642
"2906",6073,684
"2907",6075,1642
"2908",6077,307
"2909",6079,77
"2910",6081,67
"2911",6083,108
"2912",6085,262
"2913",6087,83
"2914",6089,159
"2915",6091,0
"2916",6093,29
"2917",6095,250
"2918",6097,43
"2919",6099,89
"2920",6101,10
"2921",6103,91
"2922",6105,8
"2923",6107,190
"2924",6109,14
"2925",6111,64
"2926",6113,280
"2927",6115,203
"2928",6000,21645
"2929",41001,27
"2930",41003,1
"2931",41005,11
"2932",41007,25
"2933",41009,1
"2934",41011,17
"2935",41013,8
"2936",41015,1
"2937",41019,11
"2938",41021,1
"2939",41023,3
"2940",41025,2
"2941",41027,8
"2942",41029,41
"2943",41033,4
"2944",41035,21
"2945",41037,8
"2946",41039,13
"2947",41041,2
"2948",41043,2
"2949",41045,14
"2950",41047,58
"2951",41049,5
"2952",41051,1081
"2953",41053,2
"2954",41055,1
"2955",41057,1
"2956",41059,55
"2957",41061,21
"2958",41063,1
"2959",41065,31
"2960",41067,7
"2961",41069,2
"2962",41071,6
"2963",41000,1492
"2964",53001,9
"2965",53003,1
"2966",53005,6
"2967",53007,8
"2968",53009,2
"2969",53011,47
"2970",53013,2
"2971",53015,9
"2972",53017,11
"2973",53019,10
"2974",53021,19
"2975",53023,7
"2976",53025,3
"2977",53027,60
"2978",53029,0
"2979",53031,11
"2980",53033,2487
"2981",53035,43
"2982",53037,247
"2983",53039,33
"2984",53041,79
"2985",53043,13
"2986",53045,6
"2987",53047,19
"2988",53049,3
"2989",53053,889
"2990",53055,0
"2991",53057,30
"2992",53059,3
"2993",53061,219
"2994",53063,1170
"2995",53065,12
"2996",53067,24
"2997",53069,2
"2998",53071,152
"2999",53073,56
"3000",53075,12
"3001",53077,354
"3002",53000,6058
"3003",2000,209
"3004",15001,140
"3005",15003,399
"3006",15005,3
"3007",15007,59
"3008",15009,94
"3009",15000,695
"3010",11001,94446
"3011",11000,94446
"3012",NA,9827763
"3013",NA,NA
